GROUP,PACKAGE,CLASS,INSTRUCTION_MISSED,INSTRUCTION_COVERED,BRANCH_MISSED,BRANCH_COVERED,LINE_MISSED,LINE_COVERED,COMPLEXITY_MISSED,COMPLEXITY_COVERED,METHOD_MISSED,METHOD_COVERED
dina-datamodel,se.nrm.dina.datamodel,Discipline_,3,0,0,0,1,0,1,0,1,0
dina-datamodel,se.nrm.dina.datamodel,IosTaxonPid,108,0,12,0,26,0,19,0,13,0
dina-datamodel,se.nrm.dina.datamodel,Collection,366,0,12,0,136,0,91,0,85,0
dina-datamodel,se.nrm.dina.datamodel,Latlonpolygon,156,0,12,0,46,0,31,0,25,0
dina-datamodel,se.nrm.dina.datamodel,Latlonpolygon_,3,0,0,0,1,0,1,0,1,0
dina-datamodel,se.nrm.dina.datamodel,Attachmentmetadata_,3,0,0,0,1,0,1,0,1,0
dina-datamodel,se.nrm.dina.datamodel,Lithostrat,268,0,12,0,94,0,63,0,57,0
dina-datamodel,se.nrm.dina.datamodel,Commonnametx,164,0,12,0,50,0,35,0,29,0
dina-datamodel,se.nrm.dina.datamodel,IosGeolocCnt,108,0,12,0,28,0,19,0,13,0
dina-datamodel,se.nrm.dina.datamodel,Division_,3,0,0,0,1,0,1,0,1,0
dina-datamodel,se.nrm.dina.datamodel,Storageattachment_,3,0,0,0,1,0,1,0,1,0
dina-datamodel,se.nrm.dina.datamodel,Autonumberingscheme_,3,0,0,0,1,0,1,0,1,0
dina-datamodel,se.nrm.dina.datamodel,Collection_,3,0,0,0,1,0,1,0,1,0
dina-datamodel,se.nrm.dina.datamodel,Taxoncitation,178,0,12,0,56,0,39,0,33,0
dina-datamodel,se.nrm.dina.datamodel,Exchangeout,248,0,12,0,86,0,59,0,53,0
dina-datamodel,se.nrm.dina.datamodel,Sppermission,136,0,12,0,38,0,27,0,21,0
dina-datamodel,se.nrm.dina.datamodel,Taxonattachment_,3,0,0,0,1,0,1,0,1,0
dina-datamodel,se.nrm.dina.datamodel,Borrow,275,0,12,0,97,0,65,0,59,0
dina-datamodel,se.nrm.dina.datamodel,IosGeogeoCty,108,0,12,0,28,0,19,0,13,0
dina-datamodel,se.nrm.dina.datamodel,IosGeolocCty_,3,0,0,0,1,0,1,0,1,0
dina-datamodel,se.nrm.dina.datamodel,Splocalecontaineritem,215,0,12,0,71,0,47,0,41,0
dina-datamodel,se.nrm.dina.datamodel,IosColobjlitho_,3,0,0,0,1,0,1,0,1,0
dina-datamodel,se.nrm.dina.datamodel,Spreport,174,0,12,0,54,0,37,0,31,0
dina-datamodel,se.nrm.dina.datamodel,Collectingeventattr,153,0,12,0,45,0,31,0,25,0
dina-datamodel,se.nrm.dina.datamodel,Latlonpolygonpnt_,3,0,0,0,1,0,1,0,1,0
dina-datamodel,se.nrm.dina.datamodel,Dnasequencerunattachment,146,0,12,0,42,0,29,0,23,0
dina-datamodel,se.nrm.dina.datamodel,Splocalecontainer,225,0,12,0,75,0,49,0,43,0
dina-datamodel,se.nrm.dina.datamodel,Preparation,333,0,14,0,120,0,82,0,75,0
dina-datamodel,se.nrm.dina.datamodel,Taxontreedef_,3,0,0,0,1,0,1,0,1,0
dina-datamodel,se.nrm.dina.datamodel,Paleocontext,290,0,12,0,104,0,71,0,65,0
dina-datamodel,se.nrm.dina.datamodel,IosColobjagents_,3,0,0,0,1,0,1,0,1,0
dina-datamodel,se.nrm.dina.datamodel,Sgrmatchconfiguration_,3,0,0,0,1,0,1,0,1,0
dina-datamodel,se.nrm.dina.datamodel,Spexportschemamapping_,3,0,0,0,1,0,1,0,1,0
dina-datamodel,se.nrm.dina.datamodel,Institutionnetwork,206,0,12,0,68,0,47,0,41,0
dina-datamodel,se.nrm.dina.datamodel,Loanattachment_,3,0,0,0,1,0,1,0,1,0
dina-datamodel,se.nrm.dina.datamodel,Geoname_,3,0,0,0,1,0,1,0,1,0
dina-datamodel,se.nrm.dina.datamodel,Commonnametxcitation,178,0,12,0,56,0,39,0,33,0
dina-datamodel,se.nrm.dina.datamodel,Storage,275,0,12,0,97,0,65,0,59,0
dina-datamodel,se.nrm.dina.datamodel,Permitattachment,146,0,12,0,42,0,29,0,23,0
dina-datamodel,se.nrm.dina.datamodel,Referencework,335,0,12,0,123,0,83,0,77,0
dina-datamodel,se.nrm.dina.datamodel,Spexportschema_,3,0,0,0,1,0,1,0,1,0
dina-datamodel,se.nrm.dina.datamodel,Workbenchtemplatemappingitem,248,0,12,0,86,0,59,0,53,0
dina-datamodel,se.nrm.dina.datamodel,Attachmentimageattribute,241,0,12,0,83,0,57,0,51,0
dina-datamodel,se.nrm.dina.datamodel,Author_,3,0,0,0,1,0,1,0,1,0
dina-datamodel,se.nrm.dina.datamodel,Datatype_,3,0,0,0,1,0,1,0,1,0
dina-datamodel,se.nrm.dina.datamodel,Borrowmaterial_,3,0,0,0,1,0,1,0,1,0
dina-datamodel,se.nrm.dina.datamodel,Geography_,3,0,0,0,1,0,1,0,1,0
dina-datamodel,se.nrm.dina.datamodel,Spappresourcedata,136,0,12,0,38,0,27,0,21,0
dina-datamodel,se.nrm.dina.datamodel,Loanpreparation_,3,0,0,0,1,0,1,0,1,0
dina-datamodel,se.nrm.dina.datamodel,IosColobjbio,108,0,12,0,26,0,19,0,13,0
dina-datamodel,se.nrm.dina.datamodel,Treatmentevent_,3,0,0,0,1,0,1,0,1,0
dina-datamodel,se.nrm.dina.datamodel,Attachmenttag,132,0,12,0,36,0,25,0,19,0
dina-datamodel,se.nrm.dina.datamodel,Geocoorddetail,262,0,12,0,92,0,63,0,57,0
dina-datamodel,se.nrm.dina.datamodel,IosGeoloc_,3,0,0,0,1,0,1,0,1,0
dina-datamodel,se.nrm.dina.datamodel,Geocoorddetail_,3,0,0,0,1,0,1,0,1,0
dina-datamodel,se.nrm.dina.datamodel,Repositoryagreementattachment,146,0,12,0,42,0,29,0,23,0
dina-datamodel,se.nrm.dina.datamodel,Journal_,3,0,0,0,1,0,1,0,1,0
dina-datamodel,se.nrm.dina.datamodel,Picklist,218,0,12,0,72,0,47,0,41,0
dina-datamodel,se.nrm.dina.datamodel,Sgrbatchmatchresultset,166,0,12,0,50,0,33,0,27,0
dina-datamodel,se.nrm.dina.datamodel,Determinationcitation,146,0,12,0,42,0,29,0,23,0
dina-datamodel,se.nrm.dina.datamodel,Exchangeinprep,177,0,12,0,55,0,38,0,32,0
dina-datamodel,se.nrm.dina.datamodel,Workbenchdataitem,127,0,12,0,34,0,26,0,20,0
dina-datamodel,se.nrm.dina.datamodel,Workbenchrowexportedrelationship,153,0,12,0,45,0,31,0,25,0
dina-datamodel,se.nrm.dina.datamodel,Address,290,0,12,0,104,0,71,0,65,0
dina-datamodel,se.nrm.dina.datamodel,Localitydetail_,3,0,0,0,1,0,1,0,1,0
dina-datamodel,se.nrm.dina.datamodel,Spquery_,3,0,0,0,1,0,1,0,1,0
dina-datamodel,se.nrm.dina.datamodel,Fieldnotebookpageset_,3,0,0,0,1,0,1,0,1,0
dina-datamodel,se.nrm.dina.datamodel,Otheridentifier,156,0,12,0,46,0,31,0,25,0
dina-datamodel,se.nrm.dina.datamodel,Loanreturnpreparation,171,0,12,0,53,0,37,0,31,0
dina-datamodel,se.nrm.dina.datamodel,Locality_,3,0,0,0,1,0,1,0,1,0
dina-datamodel,se.nrm.dina.datamodel,Spappresource,212,0,12,0,70,0,47,0,41,0
dina-datamodel,se.nrm.dina.datamodel,Commonnametxcitation_,3,0,0,0,1,0,1,0,1,0
dina-datamodel,se.nrm.dina.datamodel,Accession_,3,0,0,0,1,0,1,0,1,0
dina-datamodel,se.nrm.dina.datamodel,Agentgeography_,3,0,0,0,1,0,1,0,1,0
dina-datamodel,se.nrm.dina.datamodel,Collectingeventattribute_,3,0,0,0,1,0,1,0,1,0
dina-datamodel,se.nrm.dina.datamodel,IosGeoloc,108,0,12,0,28,0,19,0,13,0
dina-datamodel,se.nrm.dina.datamodel,Dnasequencingrun_,3,0,0,0,1,0,1,0,1,0
dina-datamodel,se.nrm.dina.datamodel,Collectionreltype_,3,0,0,0,1,0,1,0,1,0
dina-datamodel,se.nrm.dina.datamodel,Exchangeoutprep,181,0,12,0,57,0,39,0,33,0
dina-datamodel,se.nrm.dina.datamodel,Division,290,0,12,0,104,0,71,0,65,0
dina-datamodel,se.nrm.dina.datamodel,Dnasequence,321,0,12,0,117,0,79,0,73,0
dina-datamodel,se.nrm.dina.datamodel,Taxontreedefitem,219,0,12,0,73,0,49,0,43,0
dina-datamodel,se.nrm.dina.datamodel,Conserveventattachment_,3,0,0,0,1,0,1,0,1,0
dina-datamodel,se.nrm.dina.datamodel,Referencework_,3,0,0,0,1,0,1,0,1,0
dina-datamodel,se.nrm.dina.datamodel,Lithostrattreedef,160,0,12,0,48,0,33,0,27,0
dina-datamodel,se.nrm.dina.datamodel,Fieldnotebookpageattachment,146,0,12,0,42,0,29,0,23,0
dina-datamodel,se.nrm.dina.datamodel,Taxoncitation_,3,0,0,0,1,0,1,0,1,0
dina-datamodel,se.nrm.dina.datamodel,Agentattachment,146,0,12,0,42,0,29,0,23,0
dina-datamodel,se.nrm.dina.datamodel,Conservdescriptionattachment_,3,0,0,0,1,0,1,0,1,0
dina-datamodel,se.nrm.dina.datamodel,Dnasequencingrun,335,0,12,0,123,0,83,0,77,0
dina-datamodel,se.nrm.dina.datamodel,Specifyuser,299,0,12,0,107,0,71,0,65,0
dina-datamodel,se.nrm.dina.datamodel,Addressofrecord_,3,0,0,0,1,0,1,0,1,0
dina-datamodel,se.nrm.dina.datamodel,Lithostrattreedefitem,212,0,12,0,70,0,47,0,41,0
dina-datamodel,se.nrm.dina.datamodel,Autonumberingscheme,177,0,12,0,55,0,37,0,31,0
dina-datamodel,se.nrm.dina.datamodel,Storagetreedef_,3,0,0,0,1,0,1,0,1,0
dina-datamodel,se.nrm.dina.datamodel,Dnasequenceattachment_,3,0,0,0,1,0,1,0,1,0
dina-datamodel,se.nrm.dina.datamodel,Sptasksemaphore_,3,0,0,0,1,0,1,0,1,0
dina-datamodel,se.nrm.dina.datamodel,Workbenchrowexportedrelationship_,3,0,0,0,1,0,1,0,1,0
dina-datamodel,se.nrm.dina.datamodel,Collectionobject_,3,0,0,0,1,0,1,0,1,0
dina-datamodel,se.nrm.dina.datamodel,BaseEntity_,3,0,0,0,1,0,1,0,1,0
dina-datamodel,se.nrm.dina.datamodel,IosColobjgeo_,3,0,0,0,1,0,1,0,1,0
dina-datamodel,se.nrm.dina.datamodel,Localitycitation,143,0,12,0,41,0,29,0,23,0
dina-datamodel,se.nrm.dina.datamodel,Recordset,211,0,12,0,69,0,45,0,39,0
dina-datamodel,se.nrm.dina.datamodel,Conservevent,297,0,12,0,107,0,73,0,67,0
dina-datamodel,se.nrm.dina.datamodel,Dnasequencingruncitation_,3,0,0,0,1,0,1,0,1,0
dina-datamodel,se.nrm.dina.datamodel,Exchangein_,3,0,0,0,1,0,1,0,1,0
dina-datamodel,se.nrm.dina.datamodel,Preparationattachment,156,0,12,0,46,0,31,0,25,0
dina-datamodel,se.nrm.dina.datamodel,Gift_,3,0,0,0,1,0,1,0,1,0
dina-datamodel,se.nrm.dina.datamodel,Sgrmatchconfiguration,185,0,12,0,59,0,35,0,29,0
dina-datamodel,se.nrm.dina.datamodel,Dnasequencingruncitation,178,0,12,0,56,0,39,0,33,0
dina-datamodel,se.nrm.dina.datamodel,Deaccession,206,0,12,0,68,0,47,0,41,0
dina-datamodel,se.nrm.dina.datamodel,Collectionobjectcitation,153,0,12,0,45,0,31,0,25,0
dina-datamodel,se.nrm.dina.datamodel,Otheridentifier_,3,0,0,0,1,0,1,0,1,0
dina-datamodel,se.nrm.dina.datamodel,Geographytreedef_,3,0,0,0,1,0,1,0,1,0
dina-datamodel,se.nrm.dina.datamodel,Permit_,3,0,0,0,1,0,1,0,1,0
dina-datamodel,se.nrm.dina.datamodel,Repositoryagreement_,3,0,0,0,1,0,1,0,1,0
dina-datamodel,se.nrm.dina.datamodel,Localitydetail,451,0,12,0,173,0,117,0,111,0
dina-datamodel,se.nrm.dina.datamodel,Inforequest,195,0,12,0,63,0,43,0,37,0
dina-datamodel,se.nrm.dina.datamodel,Giftattachment_,3,0,0,0,1,0,1,0,1,0
dina-datamodel,se.nrm.dina.datamodel,Discipline,374,0,12,0,140,0,95,0,89,0
dina-datamodel,se.nrm.dina.datamodel,Geologictimeperiodtreedefitem,212,0,12,0,70,0,47,0,41,0
dina-datamodel,se.nrm.dina.datamodel,Sgrbatchmatchresultset_,3,0,0,0,1,0,1,0,1,0
dina-datamodel,se.nrm.dina.datamodel,Accessionattachment,146,0,12,0,42,0,29,0,23,0
dina-datamodel,se.nrm.dina.datamodel,Collectionobjectattachment,156,0,12,0,46,0,31,0,25,0
dina-datamodel,se.nrm.dina.datamodel,Giftagent,153,0,12,0,45,0,31,0,25,0
dina-datamodel,se.nrm.dina.datamodel,Exsiccata,139,0,12,0,39,0,27,0,21,0
dina-datamodel,se.nrm.dina.datamodel,IosColobjagents,108,0,12,0,26,0,19,0,13,0
dina-datamodel,se.nrm.dina.datamodel,Preparationattr,153,0,12,0,45,0,31,0,25,0
dina-datamodel,se.nrm.dina.datamodel,Container,188,0,12,0,60,0,41,0,35,0
dina-datamodel,se.nrm.dina.datamodel,Latlonpolygonpnt,145,0,12,0,41,0,27,0,21,0
dina-datamodel,se.nrm.dina.datamodel,Borrow_,3,0,0,0,1,0,1,0,1,0
dina-datamodel,se.nrm.dina.datamodel,Geoname,225,0,12,0,76,0,54,0,48,0
dina-datamodel,se.nrm.dina.datamodel,Institution,376,0,12,0,140,0,93,0,87,0
dina-datamodel,se.nrm.dina.datamodel,Spexportschemaitemmapping,150,0,12,0,44,0,31,0,25,0
dina-datamodel,se.nrm.dina.datamodel,Attributedef,171,0,12,0,53,0,37,0,31,0
dina-datamodel,se.nrm.dina.datamodel,Datatype,129,0,12,0,35,0,25,0,19,0
dina-datamodel,se.nrm.dina.datamodel,Storagetreedefitem_,3,0,0,0,1,0,1,0,1,0
dina-datamodel,se.nrm.dina.datamodel,Borrowagent,156,0,12,0,46,0,31,0,25,0
dina-datamodel,se.nrm.dina.datamodel,Fieldnotebook_,3,0,0,0,1,0,1,0,1,0
dina-datamodel,se.nrm.dina.datamodel,Agentspecialty,142,0,12,0,40,0,27,0,21,0
dina-datamodel,se.nrm.dina.datamodel,Borrowreturnmaterial,160,0,12,0,48,0,33,0,27,0
dina-datamodel,se.nrm.dina.datamodel,Collectionreltype,150,0,12,0,44,0,31,0,25,0
dina-datamodel,se.nrm.dina.datamodel,Storagetreedef,160,0,12,0,48,0,33,0,27,0
dina-datamodel,se.nrm.dina.datamodel,Collectingeventattachment_,3,0,0,0,1,0,1,0,1,0
dina-datamodel,se.nrm.dina.datamodel,Collectionobjectattr,153,0,12,0,45,0,31,0,25,0
dina-datamodel,se.nrm.dina.datamodel,Workbenchtemplatemappingitem_,3,0,0,0,1,0,1,0,1,0
dina-datamodel,se.nrm.dina.datamodel,Deaccessionagent,146,0,12,0,42,0,29,0,23,0
dina-datamodel,se.nrm.dina.datamodel,Spfieldvaluedefault,153,0,12,0,45,0,31,0,25,0
dina-datamodel,se.nrm.dina.datamodel,Determination,310,0,12,0,112,0,75,0,69,0
dina-datamodel,se.nrm.dina.datamodel,Locality,443,0,12,0,169,0,113,0,107,0
dina-datamodel,se.nrm.dina.datamodel,Geologictimeperiodtreedefitem_,3,0,0,0,1,0,1,0,1,0
dina-datamodel,se.nrm.dina.datamodel,IosColobjchron_,3,0,0,0,1,0,1,0,1,0
dina-datamodel,se.nrm.dina.datamodel,Preptype,156,0,12,0,46,0,31,0,25,0
dina-datamodel,se.nrm.dina.datamodel,IosColobjlitho,108,0,12,0,26,0,19,0,13,0
dina-datamodel,se.nrm.dina.datamodel,Lithostrattreedefitem_,3,0,0,0,1,0,1,0,1,0
dina-datamodel,se.nrm.dina.datamodel,Spviewsetobj_,3,0,0,0,1,0,1,0,1,0
dina-datamodel,se.nrm.dina.datamodel,Institution_,3,0,0,0,1,0,1,0,1,0
dina-datamodel,se.nrm.dina.datamodel,Agent_,3,0,0,0,1,0,1,0,1,0
dina-datamodel,se.nrm.dina.datamodel,Collectionobjectattachment_,3,0,0,0,1,0,1,0,1,0
dina-datamodel,se.nrm.dina.datamodel,Loanagent,153,0,12,0,45,0,31,0,25,0
dina-datamodel,se.nrm.dina.datamodel,Commonnametx_,3,0,0,0,1,0,1,0,1,0
dina-datamodel,se.nrm.dina.datamodel,Geologictimeperiodtreedef,160,0,12,0,48,0,33,0,27,0
dina-datamodel,se.nrm.dina.datamodel,Spversion,157,0,12,0,47,0,33,0,27,0
dina-datamodel,se.nrm.dina.datamodel,IosGeogeoCnt_,3,0,0,0,1,0,1,0,1,0
dina-datamodel,se.nrm.dina.datamodel,Spappresourcedata_,3,0,0,0,1,0,1,0,1,0
dina-datamodel,se.nrm.dina.datamodel,Attachmentmetadata,142,0,12,0,40,0,27,0,21,0
dina-datamodel,se.nrm.dina.datamodel,Sppermission_,3,0,0,0,1,0,1,0,1,0
dina-datamodel,se.nrm.dina.datamodel,Agent,2631,0,12,0,1107,0,739,0,733,0
dina-datamodel,se.nrm.dina.datamodel,Groupperson,153,0,12,0,45,0,31,0,25,0
dina-datamodel,se.nrm.dina.datamodel,Shipment_,3,0,0,0,1,0,1,0,1,0
dina-datamodel,se.nrm.dina.datamodel,Workbenchrowimage,127,0,12,0,34,0,26,0,20,0
dina-datamodel,se.nrm.dina.datamodel,Exchangein,241,0,12,0,83,0,57,0,51,0
dina-datamodel,se.nrm.dina.datamodel,Shipment,265,0,12,0,93,0,63,0,57,0
dina-datamodel,se.nrm.dina.datamodel,Specifyuser_,3,0,0,0,1,0,1,0,1,0
dina-datamodel,se.nrm.dina.datamodel,Taxonattachment,146,0,12,0,42,0,29,0,23,0
dina-datamodel,se.nrm.dina.datamodel,Geographytreedefitem_,3,0,0,0,1,0,1,0,1,0
dina-datamodel,se.nrm.dina.datamodel,Spqueryfield_,3,0,0,0,1,0,1,0,1,0
dina-datamodel,se.nrm.dina.datamodel,Loanreturnpreparation_,3,0,0,0,1,0,1,0,1,0
dina-datamodel,se.nrm.dina.datamodel,Spexportschemaitem,164,0,12,0,50,0,35,0,29,0
dina-datamodel,se.nrm.dina.datamodel,Addressofrecord,220,0,12,0,74,0,51,0,45,0
dina-datamodel,se.nrm.dina.datamodel,BaseEntity,24,0,0,0,11,0,7,0,7,0
dina-datamodel,se.nrm.dina.datamodel,IosColobjgeo,108,0,12,0,26,0,19,0,13,0
dina-datamodel,se.nrm.dina.datamodel,Project_,3,0,0,0,1,0,1,0,1,0
dina-datamodel,se.nrm.dina.datamodel,Accession,312,0,14,0,111,0,76,0,69,0
dina-datamodel,se.nrm.dina.datamodel,Spauditlog_,3,0,0,0,1,0,1,0,1,0
dina-datamodel,se.nrm.dina.datamodel,Accessionagent_,3,0,0,0,1,0,1,0,1,0
dina-datamodel,se.nrm.dina.datamodel,IosGeogeoCnt,108,0,12,0,28,0,19,0,13,0
dina-datamodel,se.nrm.dina.datamodel,Localityattachment,146,0,12,0,42,0,29,0,23,0
dina-datamodel,se.nrm.dina.datamodel,Borrowreturnmaterial_,3,0,0,0,1,0,1,0,1,0
dina-datamodel,se.nrm.dina.datamodel,Fieldnotebookpagesetattachment,146,0,12,0,42,0,29,0,23,0
dina-datamodel,se.nrm.dina.datamodel,Splocaleitemstr,177,0,12,0,55,0,37,0,31,0
dina-datamodel,se.nrm.dina.datamodel,Agentattachment_,3,0,0,0,1,0,1,0,1,0
dina-datamodel,se.nrm.dina.datamodel,Borrowagent_,3,0,0,0,1,0,1,0,1,0
dina-datamodel,se.nrm.dina.datamodel,Deaccession_,3,0,0,0,1,0,1,0,1,0
dina-datamodel,se.nrm.dina.datamodel,Treatmentevent,220,0,12,0,74,0,51,0,45,0
dina-datamodel,se.nrm.dina.datamodel,Appraisal,177,0,12,0,55,0,37,0,31,0
dina-datamodel,se.nrm.dina.datamodel,Conservevent_,3,0,0,0,1,0,1,0,1,0
dina-datamodel,se.nrm.dina.datamodel,Agentspecialty_,3,0,0,0,1,0,1,0,1,0
dina-datamodel,se.nrm.dina.datamodel,Storagetreedefitem,212,0,12,0,70,0,47,0,41,0
dina-datamodel,se.nrm.dina.datamodel,Address_,3,0,0,0,1,0,1,0,1,0
dina-datamodel,se.nrm.dina.datamodel,Recordsetitem,122,0,12,0,32,0,23,0,17,0
dina-datamodel,se.nrm.dina.datamodel,Institutionnetwork_,3,0,0,0,1,0,1,0,1,0
dina-datamodel,se.nrm.dina.datamodel,Localitynamealias,149,0,12,0,43,0,29,0,23,0
dina-datamodel,se.nrm.dina.datamodel,Spsymbiotainstance,181,0,12,0,57,0,39,0,33,0
dina-datamodel,se.nrm.dina.datamodel,Spsymbiotainstance_,3,0,0,0,1,0,1,0,1,0
dina-datamodel,se.nrm.dina.datamodel,Taxon_,3,0,0,0,1,0,1,0,1,0
dina-datamodel,se.nrm.dina.datamodel,Author,146,0,12,0,42,0,29,0,23,0
dina-datamodel,se.nrm.dina.datamodel,Accessionattachment_,3,0,0,0,1,0,1,0,1,0
dina-datamodel,se.nrm.dina.datamodel,Collectionobjectcitation_,3,0,0,0,1,0,1,0,1,0
dina-datamodel,se.nrm.dina.datamodel,Spfieldvaluedefault_,3,0,0,0,1,0,1,0,1,0
dina-datamodel,se.nrm.dina.datamodel,Exsiccataitem_,3,0,0,0,1,0,1,0,1,0
dina-datamodel,se.nrm.dina.datamodel,Container_,3,0,0,0,1,0,1,0,1,0
dina-datamodel,se.nrm.dina.datamodel,Collector,163,0,12,0,49,0,33,0,27,0
dina-datamodel,se.nrm.dina.datamodel,Fieldnotebook,185,0,12,0,59,0,41,0,35,0
dina-datamodel,se.nrm.dina.datamodel,Spvisualquery_,3,0,0,0,1,0,1,0,1,0
dina-datamodel,se.nrm.dina.datamodel,Inforequest_,3,0,0,0,1,0,1,0,1,0
dina-datamodel,se.nrm.dina.datamodel,Conservdescription,234,0,12,0,80,0,55,0,49,0
dina-datamodel,se.nrm.dina.datamodel,Permit,244,0,12,0,84,0,57,0,51,0
dina-datamodel,se.nrm.dina.datamodel,Attachmentimageattribute_,3,0,0,0,1,0,1,0,1,0
dina-datamodel,se.nrm.dina.datamodel,Conservdescription_,3,0,0,0,1,0,1,0,1,0
dina-datamodel,se.nrm.dina.datamodel,ErrorBean,41,0,0,0,18,0,11,0,11,0
dina-datamodel,se.nrm.dina.datamodel,Project,244,0,12,0,84,0,57,0,51,0
dina-datamodel,se.nrm.dina.datamodel,Fundingagent,176,0,12,0,54,0,35,0,29,0
dina-datamodel,se.nrm.dina.datamodel,Workbenchdataitem_,3,0,0,0,1,0,1,0,1,0
dina-datamodel,se.nrm.dina.datamodel,Countryinfo_,3,0,0,0,1,0,1,0,1,0
dina-datamodel,se.nrm.dina.datamodel,Spquery,222,0,12,0,74,0,49,0,43,0
dina-datamodel,se.nrm.dina.datamodel,Collectingeventattr_,3,0,0,0,1,0,1,0,1,0
dina-datamodel,se.nrm.dina.datamodel,Collectionrelationship,150,0,12,0,44,0,31,0,25,0
dina-datamodel,se.nrm.dina.datamodel,Conserveventattachment,146,0,12,0,42,0,29,0,23,0
dina-datamodel,se.nrm.dina.datamodel,Groupperson_,3,0,0,0,1,0,1,0,1,0
dina-datamodel,se.nrm.dina.datamodel,Conservdescriptionattachment,146,0,12,0,42,0,29,0,23,0
dina-datamodel,se.nrm.dina.datamodel,Fieldnotebookpage,167,0,12,0,51,0,35,0,29,0
dina-datamodel,se.nrm.dina.datamodel,Attachmenttag_,3,0,0,0,1,0,1,0,1,0
dina-datamodel,se.nrm.dina.datamodel,Localityattachment_,3,0,0,0,1,0,1,0,1,0
dina-datamodel,se.nrm.dina.datamodel,Workbenchtemplate_,3,0,0,0,1,0,1,0,1,0
dina-datamodel,se.nrm.dina.datamodel,Journal,171,0,12,0,53,0,37,0,31,0
dina-datamodel,se.nrm.dina.datamodel,Workbench_,3,0,0,0,1,0,1,0,1,0
dina-datamodel,se.nrm.dina.datamodel,Workbenchrowimage_,3,0,0,0,1,0,1,0,1,0
dina-datamodel,se.nrm.dina.datamodel,Spexportschemaitem_,3,0,0,0,1,0,1,0,1,0
dina-datamodel,se.nrm.dina.datamodel,Gift,279,0,12,0,99,0,67,0,61,0
dina-datamodel,se.nrm.dina.datamodel,Spvisualquery,142,0,12,0,40,0,27,0,21,0
dina-datamodel,se.nrm.dina.datamodel,Dnasequenceattachment,146,0,12,0,42,0,29,0,23,0
dina-datamodel,se.nrm.dina.datamodel,Dnasequencerunattachment_,3,0,0,0,1,0,1,0,1,0
dina-datamodel,se.nrm.dina.datamodel,IosColobjbio_,3,0,0,0,1,0,1,0,1,0
dina-datamodel,se.nrm.dina.datamodel,Exchangeinprep_,3,0,0,0,1,0,1,0,1,0
dina-datamodel,se.nrm.dina.datamodel,Workbench,220,0,12,0,74,0,51,0,45,0
dina-datamodel,se.nrm.dina.datamodel,Giftpreparation_,3,0,0,0,1,0,1,0,1,0
dina-datamodel,se.nrm.dina.datamodel,Collectingeventattachment,156,0,12,0,46,0,31,0,25,0
dina-datamodel,se.nrm.dina.datamodel,Collectingtrip_,3,0,0,0,1,0,1,0,1,0
dina-datamodel,se.nrm.dina.datamodel,Workbenchrow_,3,0,0,0,1,0,1,0,1,0
dina-datamodel,se.nrm.dina.datamodel,IosGeolocCty,108,0,12,0,28,0,19,0,13,0
dina-datamodel,se.nrm.dina.datamodel,Geologictimeperiodtreedef_,3,0,0,0,1,0,1,0,1,0
dina-datamodel,se.nrm.dina.datamodel,Sgrbatchmatchresultitem_,3,0,0,0,1,0,1,0,1,0
dina-datamodel,se.nrm.dina.datamodel,Collector_,3,0,0,0,1,0,1,0,1,0
dina-datamodel,se.nrm.dina.datamodel,Borrowmaterial,191,0,12,0,61,0,41,0,35,0
dina-datamodel,se.nrm.dina.datamodel,Taxontreedef,160,0,12,0,48,0,33,0,27,0
dina-datamodel,se.nrm.dina.datamodel,Exsiccata_,3,0,0,0,1,0,1,0,1,0
dina-datamodel,se.nrm.dina.datamodel,Appraisal_,3,0,0,0,1,0,1,0,1,0
dina-datamodel,se.nrm.dina.datamodel,Spviewsetobj,170,0,12,0,52,0,35,0,29,0
dina-datamodel,se.nrm.dina.datamodel,Collectingevent,353,0,12,0,131,0,89,0,83,0
dina-datamodel,se.nrm.dina.datamodel,Repositoryagreement,258,0,12,0,90,0,61,0,55,0
dina-datamodel,se.nrm.dina.datamodel,Fieldnotebookpagesetattachment_,3,0,0,0,1,0,1,0,1,0
dina-datamodel,se.nrm.dina.datamodel,Spappresource_,3,0,0,0,1,0,1,0,1,0
dina-datamodel,se.nrm.dina.datamodel,Spversion_,3,0,0,0,1,0,1,0,1,0
dina-datamodel,se.nrm.dina.datamodel,Fieldnotebookpage_,3,0,0,0,1,0,1,0,1,0
dina-datamodel,se.nrm.dina.datamodel,Preparation_,3,0,0,0,1,0,1,0,1,0
dina-datamodel,se.nrm.dina.datamodel,Fieldnotebookpageset,185,0,12,0,59,0,41,0,35,0
dina-datamodel,se.nrm.dina.datamodel,Geographytreedefitem,212,0,12,0,70,0,47,0,41,0
dina-datamodel,se.nrm.dina.datamodel,Collectionrelationship_,3,0,0,0,1,0,1,0,1,0
dina-datamodel,se.nrm.dina.datamodel,Collectingtrip,283,0,12,0,101,0,69,0,63,0
dina-datamodel,se.nrm.dina.datamodel,IosGeolocCnt_,3,0,0,0,1,0,1,0,1,0
dina-datamodel,se.nrm.dina.datamodel,Workbenchrow,190,0,12,0,61,0,44,0,38,0
dina-datamodel,se.nrm.dina.datamodel,Splocalecontainer_,3,0,0,0,1,0,1,0,1,0
dina-datamodel,se.nrm.dina.datamodel,Spappresourcedir,174,0,12,0,54,0,37,0,31,0
dina-datamodel,se.nrm.dina.datamodel,Lithostrattreedef_,3,0,0,0,1,0,1,0,1,0
dina-datamodel,se.nrm.dina.datamodel,Accessionagent,153,0,12,0,45,0,31,0,25,0
dina-datamodel,se.nrm.dina.datamodel,Giftpreparation,171,0,12,0,53,0,37,0,31,0
dina-datamodel,se.nrm.dina.datamodel,Determination_,3,0,0,0,1,0,1,0,1,0
dina-datamodel,se.nrm.dina.datamodel,Collectionobjectattribute,622,0,12,0,246,0,165,0,159,0
dina-datamodel,se.nrm.dina.datamodel,IosColobjcnts,108,0,12,0,26,0,19,0,13,0
dina-datamodel,se.nrm.dina.datamodel,Loan,321,0,12,0,117,0,79,0,73,0
dina-datamodel,se.nrm.dina.datamodel,Loanpreparation,202,0,12,0,66,0,45,0,39,0
dina-datamodel,se.nrm.dina.datamodel,Loan_,3,0,0,0,1,0,1,0,1,0
dina-datamodel,se.nrm.dina.datamodel,Repositoryagreementattachment_,3,0,0,0,1,0,1,0,1,0
dina-datamodel,se.nrm.dina.datamodel,Exchangeoutprep_,3,0,0,0,1,0,1,0,1,0
dina-datamodel,se.nrm.dina.datamodel,Deaccessionagent_,3,0,0,0,1,0,1,0,1,0
dina-datamodel,se.nrm.dina.datamodel,Exsiccataitem,143,0,12,0,41,0,29,0,23,0
dina-datamodel,se.nrm.dina.datamodel,Localitynamealias_,3,0,0,0,1,0,1,0,1,0
dina-datamodel,se.nrm.dina.datamodel,Spauditlogfield,152,0,12,0,44,0,29,0,23,0
dina-datamodel,se.nrm.dina.datamodel,Determinationcitation_,3,0,0,0,1,0,1,0,1,0
dina-datamodel,se.nrm.dina.datamodel,Storageattachment,146,0,12,0,42,0,29,0,23,0
dina-datamodel,se.nrm.dina.datamodel,Geologictimeperiod,296,0,12,0,106,0,71,0,65,0
dina-datamodel,se.nrm.dina.datamodel,Sgrbatchmatchresultitem,135,0,12,0,37,0,25,0,19,0
dina-datamodel,se.nrm.dina.datamodel,Taxon,555,0,12,0,217,0,145,0,139,0
dina-datamodel,se.nrm.dina.datamodel,Picklist_,3,0,0,0,1,0,1,0,1,0
dina-datamodel,se.nrm.dina.datamodel,Agentvariant_,3,0,0,0,1,0,1,0,1,0
dina-datamodel,se.nrm.dina.datamodel,IosGeogeoCty_,3,0,0,0,1,0,1,0,1,0
dina-datamodel,se.nrm.dina.datamodel,Preparationattachment_,3,0,0,0,1,0,1,0,1,0
dina-datamodel,se.nrm.dina.datamodel,Spprincipal_,3,0,0,0,1,0,1,0,1,0
dina-datamodel,se.nrm.dina.datamodel,Fundingagent_,3,0,0,0,1,0,1,0,1,0
dina-datamodel,se.nrm.dina.datamodel,Preparationattribute,419,0,12,0,159,0,107,0,101,0
dina-datamodel,se.nrm.dina.datamodel,Picklistitem_,3,0,0,0,1,0,1,0,1,0
dina-datamodel,se.nrm.dina.datamodel,Spprincipal,201,0,12,0,65,0,43,0,37,0
dina-datamodel,se.nrm.dina.datamodel,Storage_,3,0,0,0,1,0,1,0,1,0
dina-datamodel,se.nrm.dina.datamodel,Splocalecontaineritem_,3,0,0,0,1,0,1,0,1,0
dina-datamodel,se.nrm.dina.datamodel,IosTaxonPid_,3,0,0,0,1,0,1,0,1,0
dina-datamodel,se.nrm.dina.datamodel,Lithostrat_,3,0,0,0,1,0,1,0,1,0
dina-datamodel,se.nrm.dina.datamodel,IosColobjchron,108,0,12,0,26,0,19,0,13,0
dina-datamodel,se.nrm.dina.datamodel,Loanattachment,146,0,12,0,42,0,29,0,23,0
dina-datamodel,se.nrm.dina.datamodel,Morphbankview,178,0,12,0,56,0,39,0,33,0
dina-datamodel,se.nrm.dina.datamodel,Preparationattribute_,3,0,0,0,1,0,1,0,1,0
dina-datamodel,se.nrm.dina.datamodel,Referenceworkattachment_,3,0,0,0,1,0,1,0,1,0
dina-datamodel,se.nrm.dina.datamodel,Attributedef_,3,0,0,0,1,0,1,0,1,0
dina-datamodel,se.nrm.dina.datamodel,Referenceworkattachment,152,0,12,0,44,0,29,0,23,0
dina-datamodel,se.nrm.dina.datamodel,Geographytreedef,160,0,12,0,48,0,33,0,27,0
dina-datamodel,se.nrm.dina.datamodel,Countryinfo,208,0,12,0,70,0,50,0,44,0
dina-datamodel,se.nrm.dina.datamodel,Agentgeography,143,0,12,0,41,0,29,0,23,0
dina-datamodel,se.nrm.dina.datamodel,Geography,317,0,12,0,115,0,77,0,71,0
dina-datamodel,se.nrm.dina.datamodel,Attachment,381,0,12,0,143,0,97,0,91,0
dina-datamodel,se.nrm.dina.datamodel,Spqueryfield,279,0,12,0,97,0,61,0,55,0
dina-datamodel,se.nrm.dina.datamodel,Spauditlogfield_,3,0,0,0,1,0,1,0,1,0
dina-datamodel,se.nrm.dina.datamodel,Borrowattachment,152,0,12,0,44,0,29,0,23,0
dina-datamodel,se.nrm.dina.datamodel,Collectingeventattribute,388,0,12,0,146,0,99,0,93,0
dina-datamodel,se.nrm.dina.datamodel,Borrowattachment_,3,0,0,0,1,0,1,0,1,0
dina-datamodel,se.nrm.dina.datamodel,Taxontreedefitem_,3,0,0,0,1,0,1,0,1,0
dina-datamodel,se.nrm.dina.datamodel,Spappresourcedir_,3,0,0,0,1,0,1,0,1,0
dina-datamodel,se.nrm.dina.datamodel,Morphbankview_,3,0,0,0,1,0,1,0,1,0
dina-datamodel,se.nrm.dina.datamodel,IosColobjcnts_,3,0,0,0,1,0,1,0,1,0
dina-datamodel,se.nrm.dina.datamodel,Giftagent_,3,0,0,0,1,0,1,0,1,0
dina-datamodel,se.nrm.dina.datamodel,Recordset_,3,0,0,0,1,0,1,0,1,0
dina-datamodel,se.nrm.dina.datamodel,Loanagent_,3,0,0,0,1,0,1,0,1,0
dina-datamodel,se.nrm.dina.datamodel,Exchangeout_,3,0,0,0,1,0,1,0,1,0
dina-datamodel,se.nrm.dina.datamodel,Geologictimeperiod_,3,0,0,0,1,0,1,0,1,0
dina-datamodel,se.nrm.dina.datamodel,Agentvariant,160,0,12,0,48,0,33,0,27,0
dina-datamodel,se.nrm.dina.datamodel,Recordsetitem_,3,0,0,0,1,0,1,0,1,0
dina-datamodel,se.nrm.dina.datamodel,Preparationattr_,3,0,0,0,1,0,1,0,1,0
dina-datamodel,se.nrm.dina.datamodel,Sptasksemaphore,185,0,12,0,59,0,41,0,35,0
dina-datamodel,se.nrm.dina.datamodel,Paleocontext_,3,0,0,0,1,0,1,0,1,0
dina-datamodel,se.nrm.dina.datamodel,Spauditlog,170,0,12,0,52,0,35,0,29,0
dina-datamodel,se.nrm.dina.datamodel,Fieldnotebookattachment_,3,0,0,0,1,0,1,0,1,0
dina-datamodel,se.nrm.dina.datamodel,Collectionobjectattr_,3,0,0,0,1,0,1,0,1,0
dina-datamodel,se.nrm.dina.datamodel,Localitycitation_,3,0,0,0,1,0,1,0,1,0
dina-datamodel,se.nrm.dina.datamodel,Splocaleitemstr_,3,0,0,0,1,0,1,0,1,0
dina-datamodel,se.nrm.dina.datamodel,Spexportschemaitemmapping_,3,0,0,0,1,0,1,0,1,0
dina-datamodel,se.nrm.dina.datamodel,Accessionauthorization_,3,0,0,0,1,0,1,0,1,0
dina-datamodel,se.nrm.dina.datamodel,Collectingevent_,3,0,0,0,1,0,1,0,1,0
dina-datamodel,se.nrm.dina.datamodel,Deaccessionpreparation,150,0,12,0,44,0,31,0,25,0
dina-datamodel,se.nrm.dina.datamodel,Accessionauthorization,143,0,12,0,41,0,29,0,23,0
dina-datamodel,se.nrm.dina.datamodel,Deaccessionpreparation_,3,0,0,0,1,0,1,0,1,0
dina-datamodel,se.nrm.dina.datamodel,Fieldnotebookpageattachment_,3,0,0,0,1,0,1,0,1,0
dina-datamodel,se.nrm.dina.datamodel,Collectionobject,585,0,14,0,228,0,154,0,147,0
dina-datamodel,se.nrm.dina.datamodel,Spexportschema,157,0,12,0,47,0,33,0,27,0
dina-datamodel,se.nrm.dina.datamodel,Spreport_,3,0,0,0,1,0,1,0,1,0
dina-datamodel,se.nrm.dina.datamodel,Dnasequence_,3,0,0,0,1,0,1,0,1,0
dina-datamodel,se.nrm.dina.datamodel,Picklistitem,146,0,12,0,42,0,29,0,23,0
dina-datamodel,se.nrm.dina.datamodel,Spexportschemamapping,164,0,12,0,50,0,35,0,29,0
dina-datamodel,se.nrm.dina.datamodel,Preptype_,3,0,0,0,1,0,1,0,1,0
dina-datamodel,se.nrm.dina.datamodel,Workbenchtemplate,164,0,12,0,50,0,35,0,29,0
dina-datamodel,se.nrm.dina.datamodel,Collectionobjectattribute_,3,0,0,0,1,0,1,0,1,0
dina-datamodel,se.nrm.dina.datamodel,Permitattachment_,3,0,0,0,1,0,1,0,1,0
dina-datamodel,se.nrm.dina.datamodel,Giftattachment,152,0,12,0,44,0,29,0,23,0
dina-datamodel,se.nrm.dina.datamodel,Fieldnotebookattachment,146,0,12,0,42,0,29,0,23,0
dina-datamodel,se.nrm.dina.datamodel,Attachment_,3,0,0,0,1,0,1,0,1,0
dina-datamodel,se.nrm.dina.datamodel.util,Util,0,28,1,1,0,7,1,4,0,4
